{"cameraMode":{"drawMode":0,"name":"Shaded","section":"Shading Mode"},"sceneLighting":false,"audioPlay":false,"sceneViewState":{"showFog":false,"showMaterialUpdate":false,"showSkybox":false,"showFlares":false,"showImageEffects":false,"showParticleSystems":false},"in2DMode":false,"pivot":{"x":334.1859130859375,"y":270.31317138671877,"z":-26.3756103515625},"rotation":{"x":-0.2802790701389313,"y":0.2596048414707184,"z":-0.07903794944286347,"w":-0.9207673668861389},"size":1063.6219482421875,"orthographic":false}