{"cameraMode":{"drawMode":0,"name":"Shaded","section":"Shading Mode"},"sceneLighting":false,"audioPlay":false,"sceneViewState":{"showFog":false,"showMaterialUpdate":false,"showSkybox":false,"showFlares":false,"showImageEffects":false,"showParticleSystems":false},"in2DMode":false,"pivot":{"x":648.7919311523438,"y":314.0785827636719,"z":-12.258056640625},"rotation":{"x":-0.005999803077429533,"y":4.422822996730247e-9,"z":-3.226740474815415e-8,"w":0.9999817609786987},"size":1043.0106201171875,"orthographic":false}