{"cameraMode":{"drawMode":0,"name":"Shaded","section":"Shading Mode"},"sceneLighting":false,"audioPlay":false,"sceneViewState":{"showFog":false,"showMaterialUpdate":false,"showSkybox":false,"showFlares":false,"showImageEffects":false,"showParticleSystems":false},"in2DMode":false,"pivot":{"x":2087.66259765625,"y":1477.67724609375,"z":-1685.9986572265625},"rotation":{"x":0.24882276356220246,"y":-0.2908106744289398,"z":0.07860900461673737,"w":0.9205116629600525},"size":160.2033233642578,"orthographic":false}