{"cameraMode":{"drawMode":0,"name":"Shaded","section":"Shading Mode"},"sceneLighting":false,"audioPlay":false,"sceneViewState":{"showFog":false,"showMaterialUpdate":false,"showSkybox":false,"showFlares":false,"showImageEffects":false,"showParticleSystems":false},"in2DMode":false,"pivot":{"x":804.4482421875,"y":183.65585327148438,"z":105.13397216796875},"rotation":{"x":0.2065514624118805,"y":-0.28268304467201235,"z":0.062471672892570499,"w":0.934638500213623},"size":1189.232421875,"orthographic":false}