{"cameraMode":{"drawMode":0,"name":"Shaded","section":"Shading Mode"},"sceneLighting":false,"audioPlay":false,"sceneViewState":{"showFog":false,"showMaterialUpdate":false,"showSkybox":false,"showFlares":false,"showImageEffects":false,"showParticleSystems":false},"in2DMode":false,"pivot":{"x":681.605712890625,"y":246.59396362304688,"z":68.69189453125},"rotation":{"x":0.2532851994037628,"y":0.055105336010456088,"z":-0.014452705159783364,"w":0.9657149910926819},"size":1635.3731689453125,"orthographic":false}