{"cameraMode":{"drawMode":0,"name":"Shaded","section":"Shading Mode"},"sceneLighting":false,"audioPlay":false,"sceneViewState":{"showFog":false,"showMaterialUpdate":false,"showSkybox":false,"showFlares":false,"showImageEffects":false,"showParticleSystems":false},"in2DMode":false,"pivot":{"x":2373.339111328125,"y":1497.543212890625,"z":-1471.3260498046875},"rotation":{"x":0.24882276356220246,"y":-0.2908106744289398,"z":0.07860900461673737,"w":0.9205116629600525},"size":1429.4276123046875,"orthographic":false}