{"cameraMode":{"drawMode":0,"name":"Shaded","section":"Shading Mode"},"sceneLighting":false,"audioPlay":false,"sceneViewState":{"showFog":false,"showMaterialUpdate":false,"showSkybox":false,"showFlares":false,"showImageEffects":false,"showParticleSystems":false},"in2DMode":false,"pivot":{"x":-20.157747268676759,"y":6.273712158203125,"z":512.7462158203125},"rotation":{"x":-0.007499848958104849,"y":-0.0030001297127455475,"z":-0.0000222539747483097,"w":0.9999695420265198},"size":687.0420532226563,"orthographic":false}