{"cameraMode":{"drawMode":0,"name":"Shaded","section":"Shading Mode"},"sceneLighting":false,"audioPlay":false,"sceneViewState":{"showFog":false,"showMaterialUpdate":false,"showSkybox":false,"showFlares":false,"showImageEffects":false,"showParticleSystems":false},"in2DMode":false,"pivot":{"x":-389.26593017578127,"y":33.41949462890625,"z":-276.0166015625},"rotation":{"x":0.16889537870883943,"y":0.15599758923053742,"z":-0.02708280272781849,"w":0.9728343486785889},"size":1709.0831298828125,"orthographic":false}