{"cameraMode":{"drawMode":0,"name":"Shaded","section":"Shading Mode"},"sceneLighting":false,"audioPlay":false,"sceneViewState":{"showFog":false,"showMaterialUpdate":false,"showSkybox":false,"showFlares":false,"showImageEffects":false,"showParticleSystems":false},"in2DMode":false,"pivot":{"x":-0.0006032586097717285,"y":0.46707916259765627,"z":2.0213727951049806},"rotation":{"x":0.6410605907440186,"y":0.09815078228712082,"z":-0.08315861970186234,"w":0.7566326856613159},"size":112.17096710205078,"orthographic":false}