{"cameraMode":{"drawMode":0,"name":"Shaded","section":"Shading Mode"},"sceneLighting":false,"audioPlay":false,"sceneViewState":{"showFog":false,"showMaterialUpdate":false,"showSkybox":false,"showFlares":false,"showImageEffects":false,"showParticleSystems":false},"in2DMode":false,"pivot":{"x":681.99072265625,"y":247.57540893554688,"z":68.90262603759766},"rotation":{"x":-0.23332110047340394,"y":-0.004071860574185848,"z":0.000962700869422406,"w":-0.9724043607711792},"size":6.864011764526367,"orthographic":false}