{"cameraMode":{"drawMode":0,"name":"Shaded","section":"Shading Mode"},"sceneLighting":false,"audioPlay":false,"sceneViewState":{"showFog":false,"showMaterialUpdate":false,"showSkybox":false,"showFlares":false,"showImageEffects":false,"showParticleSystems":false},"in2DMode":false,"pivot":{"x":2074.681640625,"y":1474.506103515625,"z":-1697.3687744140625},"rotation":{"x":0.24882276356220246,"y":-0.2908106744289398,"z":0.07860900461673737,"w":0.9205116629600525},"size":20.870738983154298,"orthographic":false}