{"cameraMode":{"drawMode":0,"name":"Shaded","section":"Shading Mode"},"sceneLighting":false,"audioPlay":false,"sceneViewState":{"showFog":false,"showMaterialUpdate":false,"showSkybox":false,"showFlares":false,"showImageEffects":false,"showParticleSystems":false},"in2DMode":false,"pivot":{"x":320.71893310546877,"y":268.6365966796875,"z":135.97314453125},"rotation":{"x":0.21847474575042725,"y":-0.14863336086273194,"z":0.03369002789258957,"w":0.9638686180114746},"size":1119.82177734375,"orthographic":false}