{"cameraMode":{"drawMode":0,"name":"Shaded","section":"Shading Mode"},"sceneLighting":false,"audioPlay":false,"sceneViewState":{"showFog":false,"showMaterialUpdate":false,"showSkybox":false,"showFlares":false,"showImageEffects":false,"showParticleSystems":false},"in2DMode":false,"pivot":{"x":312.7887268066406,"y":315.7752380371094,"z":510.09820556640627},"rotation":{"x":-0.007499848958104849,"y":-0.0030001297127455475,"z":-0.0000222539747483097,"w":0.9999695420265198},"size":1502.0169677734375,"orthographic":false}