{"cameraMode":{"drawMode":0,"name":"Shaded","section":"Shading Mode"},"sceneLighting":false,"audioPlay":false,"sceneViewState":{"showFog":false,"showMaterialUpdate":false,"showSkybox":false,"showFlares":false,"showImageEffects":false,"showParticleSystems":false},"in2DMode":false,"pivot":{"x":-2.8797316551208498,"y":-0.2851436138153076,"z":-2.7652735710144045},"rotation":{"x":0.04392759129405022,"y":0.7149611711502075,"z":-0.04510098323225975,"w":0.6963260769844055},"size":7.485224723815918,"orthographic":false}